{"sections":{"main":{"type":"main-404","disabled":true,"settings":{}},"af3719fd-61fb-4f4f-93e8-38ac585dac05":{"type":"image-banner","blocks":{"template--21525983494433__af3719fd-61fb-4f4f-93e8-38ac585dac05-heading-1":{"type":"heading","disabled":true,"settings":{"heading":"Image banner","heading_size":"h1"}},"template--21525983494433__af3719fd-61fb-4f4f-93e8-38ac585dac05-text-1":{"type":"text","disabled":true,"settings":{"text":"Give customers details about the banner image(s) or content on the template.","text_style":"body"}},"template--21525983494433__af3719fd-61fb-4f4f-93e8-38ac585dac05-buttons-1":{"type":"buttons","disabled":true,"settings":{"button_label_1":"Button label","button_link_1":"","button_style_secondary_1":false,"button_label_2":"Button label","button_link_2":"","button_style_secondary_2":false}}},"block_order":["template--21525983494433__af3719fd-61fb-4f4f-93e8-38ac585dac05-heading-1","template--21525983494433__af3719fd-61fb-4f4f-93e8-38ac585dac05-text-1","template--21525983494433__af3719fd-61fb-4f4f-93e8-38ac585dac05-buttons-1"],"settings":{"image":"shopify:\/\/shop_images\/man-sitting-in-city.jpg","image_overlay_opacity":0,"image_height":"medium","desktop_content_position":"middle-center","show_text_box":true,"desktop_content_alignment":"center","color_scheme":"","image_behavior":"none","mobile_content_alignment":"center","stack_images_on_mobile":true,"show_text_below":true}},"2ba567c4-7350-480a-b639-f2ae90254795":{"type":"collection-list","blocks":{"template--21525983494433__2ba567c4-7350-480a-b639-f2ae90254795-featured_collection-1":{"type":"featured_collection","settings":{"collection":"jackets"}},"template--21525983494433__2ba567c4-7350-480a-b639-f2ae90254795-featured_collection-2":{"type":"featured_collection","settings":{"collection":"shorts"}},"template--21525983494433__2ba567c4-7350-480a-b639-f2ae90254795-featured_collection-3":{"type":"featured_collection","settings":{"collection":""}}},"block_order":["template--21525983494433__2ba567c4-7350-480a-b639-f2ae90254795-featured_collection-1","template--21525983494433__2ba567c4-7350-480a-b639-f2ae90254795-featured_collection-2","template--21525983494433__2ba567c4-7350-480a-b639-f2ae90254795-featured_collection-3"],"settings":{"title":"Collections","heading_size":"h1","image_ratio":"square","columns_desktop":3,"color_scheme":"","show_view_all":false,"columns_mobile":"1","swipe_on_mobile":false,"padding_top":36,"padding_bottom":36}},"917834d8-0f41-4393-b25b-6eee194dc954":{"type":"slideshow","blocks":{"template--21525983494433__917834d8-0f41-4393-b25b-6eee194dc954-slide-1":{"type":"slide","settings":{"image":"shopify:\/\/shop_images\/man-poses-in-light-colored-overcoat.jpg","heading":"Men's Collection","heading_size":"h1","subheading":"Tell your brand's story through images","button_label":"Button label","link":"","button_style_secondary":false,"box_align":"middle-center","show_text_box":true,"text_alignment":"center","image_overlay_opacity":0,"color_scheme":"","text_alignment_mobile":"center"}},"template--21525983494433__917834d8-0f41-4393-b25b-6eee194dc954-slide-2":{"type":"slide","disabled":true,"settings":{"heading":"Image slide","heading_size":"h1","subheading":"Tell your brand's story through images","button_label":"Button label","link":"","button_style_secondary":false,"box_align":"middle-center","show_text_box":true,"text_alignment":"center","image_overlay_opacity":0,"color_scheme":"","text_alignment_mobile":"center"}}},"block_order":["template--21525983494433__917834d8-0f41-4393-b25b-6eee194dc954-slide-1","template--21525983494433__917834d8-0f41-4393-b25b-6eee194dc954-slide-2"],"settings":{"layout":"full_bleed","slide_height":"medium","slider_visual":"counter","auto_rotate":false,"change_slides_speed":5,"image_behavior":"none","show_text_below":true,"accessibility_info":"Slideshow about our brand"}}},"order":["main","af3719fd-61fb-4f4f-93e8-38ac585dac05","2ba567c4-7350-480a-b639-f2ae90254795","917834d8-0f41-4393-b25b-6eee194dc954"]}