{"sections":{"55179131-f879-4350-a946-4842c47b857d":{"type":"image-banner","blocks":{"template--21584480928033__55179131-f879-4350-a946-4842c47b857d-heading-1":{"type":"heading","disabled":true,"settings":{"heading":"Image banner","heading_size":"h1"}},"template--21584480928033__55179131-f879-4350-a946-4842c47b857d-text-1":{"type":"text","disabled":true,"settings":{"text":"Give customers details about the banner image(s) or content on the template.","text_style":"body"}},"template--21584480928033__55179131-f879-4350-a946-4842c47b857d-buttons-1":{"type":"buttons","disabled":true,"settings":{"button_label_1":"Button label","button_link_1":"","button_style_secondary_1":false,"button_label_2":"Button label","button_link_2":"","button_style_secondary_2":false}}},"block_order":["template--21584480928033__55179131-f879-4350-a946-4842c47b857d-heading-1","template--21584480928033__55179131-f879-4350-a946-4842c47b857d-text-1","template--21584480928033__55179131-f879-4350-a946-4842c47b857d-buttons-1"],"disabled":true,"settings":{"image":"shopify:\/\/shop_images\/mens-fashion-man-in-shirt-and-jeans-leaning-on-bicycle.jpg","image_overlay_opacity":0,"image_height":"medium","desktop_content_position":"middle-center","show_text_box":true,"desktop_content_alignment":"center","color_scheme":"","image_behavior":"none","mobile_content_alignment":"center","stack_images_on_mobile":true,"show_text_below":true}},"banner":{"type":"main-collection-banner","settings":{"show_collection_description":true,"show_collection_image":false,"color_scheme":"background-1"}},"product-grid":{"type":"main-collection-product-grid","settings":{"products_per_page":16,"columns_desktop":4,"color_scheme":"background-1","image_ratio":"adapt","image_shape":"default","show_secondary_image":false,"show_vendor":false,"show_rating":false,"enable_filtering":true,"filter_type":"horizontal","enable_sorting":true,"columns_mobile":"2","padding_top":36,"padding_bottom":36}}},"order":["55179131-f879-4350-a946-4842c47b857d","banner","product-grid"]}