{"sections":{"banner":{"type":"main-collection-banner","settings":{"show_collection_description":true,"show_collection_image":false,"color_scheme":"background-1"}},"460d8588-450a-44b9-94a5-af92aef4c4a8":{"type":"image-banner","blocks":{"template--21584405463329__460d8588-450a-44b9-94a5-af92aef4c4a8-heading-1":{"type":"heading","disabled":true,"settings":{"heading":"Image banner","heading_size":"h1"}},"template--21584405463329__460d8588-450a-44b9-94a5-af92aef4c4a8-text-1":{"type":"text","disabled":true,"settings":{"text":"Give customers details about the banner image(s) or content on the template.","text_style":"body"}},"template--21584405463329__460d8588-450a-44b9-94a5-af92aef4c4a8-buttons-1":{"type":"buttons","disabled":true,"settings":{"button_label_1":"Button label","button_link_1":"","button_style_secondary_1":false,"button_label_2":"Button label","button_link_2":"","button_style_secondary_2":false}}},"block_order":["template--21584405463329__460d8588-450a-44b9-94a5-af92aef4c4a8-heading-1","template--21584405463329__460d8588-450a-44b9-94a5-af92aef4c4a8-text-1","template--21584405463329__460d8588-450a-44b9-94a5-af92aef4c4a8-buttons-1"],"disabled":true,"settings":{"image":"shopify:\/\/shop_images\/banner-urban-koach.jpg","image_overlay_opacity":0,"image_height":"medium","desktop_content_position":"middle-center","show_text_box":true,"desktop_content_alignment":"center","color_scheme":"","image_behavior":"none","mobile_content_alignment":"center","stack_images_on_mobile":true,"show_text_below":true}},"product-grid":{"type":"main-collection-product-grid","settings":{"products_per_page":24,"columns_desktop":4,"color_scheme":"background-1","image_ratio":"adapt","image_shape":"default","show_secondary_image":false,"show_vendor":false,"show_rating":false,"enable_filtering":true,"filter_type":"horizontal","enable_sorting":true,"columns_mobile":"2","padding_top":36,"padding_bottom":36}}},"order":["banner","460d8588-450a-44b9-94a5-af92aef4c4a8","product-grid"]}