{"sections":{"image_banner":{"type":"image-banner","blocks":{"text_436xNW":{"type":"text","settings":{"text":"<strong>SHOP NOW<\/strong>","text_style":"body"}},"heading":{"type":"heading","settings":{"heading":"<strong>URBANKOACH<\/strong>","heading_size":"h1"}},"button":{"type":"buttons","settings":{"button_label_1":"MEN","button_link_1":"shopify:\/\/pages\/mens-collection","button_style_secondary_1":true,"button_label_2":"WOMEN","button_link_2":"shopify:\/\/pages\/women-collections","button_style_secondary_2":true}}},"block_order":["text_436xNW","heading","button"],"settings":{"image":"shopify:\/\/shop_images\/UrbanKoach-Homepage-banner-2.jpg","image_2":"shopify:\/\/shop_images\/UrbanKoach-Homepage-banner-3.jpg","image_overlay_opacity":0,"image_height":"large","desktop_content_position":"middle-center","show_text_box":false,"desktop_content_alignment":"center","color_scheme":"inverse","image_behavior":"fixed","mobile_content_alignment":"center","stack_images_on_mobile":true,"show_text_below":false}},"image_banner_6rebGA":{"type":"image-banner","blocks":{"heading_DHMgDe":{"type":"heading","settings":{"heading":"Image banner","heading_size":"h1"}},"text_NV3r8q":{"type":"text","settings":{"text":"Give customers details about the banner image(s) or content on the template.","text_style":"body"}},"buttons_R46eij":{"type":"buttons","settings":{"button_label_1":"Button label","button_link_1":"","button_style_secondary_1":false,"button_label_2":"Button label","button_link_2":"","button_style_secondary_2":false}}},"block_order":["heading_DHMgDe","text_NV3r8q","buttons_R46eij"],"disabled":true,"settings":{"image":"shopify:\/\/shop_images\/1_01.jpg","image_2":"shopify:\/\/shop_images\/1_02.jpg","image_overlay_opacity":0,"image_height":"adapt","desktop_content_position":"middle-center","show_text_box":true,"desktop_content_alignment":"center","color_scheme":"","image_behavior":"fixed","mobile_content_alignment":"center","stack_images_on_mobile":true,"show_text_below":false}},"16cab87e-af05-4535-82b9-0ca53934d3f4":{"type":"collection-list","blocks":{"template--21525983658273__16cab87e-af05-4535-82b9-0ca53934d3f4-featured_collection-1":{"type":"featured_collection","settings":{"collection":"men"}},"template--21525983658273__16cab87e-af05-4535-82b9-0ca53934d3f4-featured_collection-2":{"type":"featured_collection","settings":{"collection":"women"}},"template--21525983658273__16cab87e-af05-4535-82b9-0ca53934d3f4-featured_collection-3":{"type":"featured_collection","disabled":true,"settings":{"collection":"mix-collections"}}},"block_order":["template--21525983658273__16cab87e-af05-4535-82b9-0ca53934d3f4-featured_collection-1","template--21525983658273__16cab87e-af05-4535-82b9-0ca53934d3f4-featured_collection-2","template--21525983658273__16cab87e-af05-4535-82b9-0ca53934d3f4-featured_collection-3"],"disabled":true,"settings":{"title":"Categories","heading_size":"h1","image_ratio":"adapt","columns_desktop":3,"color_scheme":"","show_view_all":false,"columns_mobile":"1","swipe_on_mobile":true,"padding_top":36,"padding_bottom":36}},"featured_collection":{"type":"featured-collection","settings":{"title":"Featured products","heading_size":"h2","description":"","show_description":false,"description_style":"body","collection":"all","products_to_show":8,"columns_desktop":4,"full_width":false,"show_view_all":true,"view_all_style":"solid","enable_desktop_slider":false,"color_scheme":"background-1","image_ratio":"adapt","image_shape":"default","show_secondary_image":true,"show_vendor":false,"show_rating":false,"columns_mobile":"2","swipe_on_mobile":false,"padding_top":44,"padding_bottom":36}},"ee23e8c8-c670-4cf8-8bf4-950cb5a42cb3":{"type":"image-banner","blocks":{"template--21525983658273__ee23e8c8-c670-4cf8-8bf4-950cb5a42cb3-heading-1":{"type":"heading","settings":{"heading":"Image banner","heading_size":"h1"}},"template--21525983658273__ee23e8c8-c670-4cf8-8bf4-950cb5a42cb3-text-1":{"type":"text","settings":{"text":"Give customers details about the banner image(s) or content on the template.","text_style":"body"}},"template--21525983658273__ee23e8c8-c670-4cf8-8bf4-950cb5a42cb3-buttons-1":{"type":"buttons","settings":{"button_label_1":"Button label","button_link_1":"","button_style_secondary_1":false,"button_label_2":"Button label","button_link_2":"","button_style_secondary_2":false}}},"block_order":["template--21525983658273__ee23e8c8-c670-4cf8-8bf4-950cb5a42cb3-heading-1","template--21525983658273__ee23e8c8-c670-4cf8-8bf4-950cb5a42cb3-text-1","template--21525983658273__ee23e8c8-c670-4cf8-8bf4-950cb5a42cb3-buttons-1"],"disabled":true,"settings":{"image_overlay_opacity":0,"image_height":"medium","desktop_content_position":"middle-center","show_text_box":true,"desktop_content_alignment":"center","color_scheme":"","image_behavior":"none","mobile_content_alignment":"center","stack_images_on_mobile":true,"show_text_below":true}},"video_BgExQ6":{"type":"video","settings":{"heading":"","heading_size":"h1","enable_video_looping":true,"video_url":"https:\/\/youtu.be\/xBoh1SNRYj0","cover_image":"shopify:\/\/shop_images\/1003-Cover.jpg","description":"","full_width":true,"color_scheme":"","padding_top":36,"padding_bottom":36}},"collapsible_content_q8GRxe":{"type":"collapsible-content","blocks":{"collapsible_row_D6thW9":{"type":"collapsible_row","settings":{"heading":"Collapsible row","icon":"check_mark","row_content":"","page":""}},"collapsible_row_maYdzg":{"type":"collapsible_row","settings":{"heading":"Collapsible row","icon":"check_mark","row_content":"","page":""}},"collapsible_row_p6Yy6P":{"type":"collapsible_row","settings":{"heading":"Collapsible row","icon":"check_mark","row_content":"","page":""}},"collapsible_row_GxmLXr":{"type":"collapsible_row","settings":{"heading":"Collapsible row","icon":"check_mark","row_content":"","page":""}}},"block_order":["collapsible_row_D6thW9","collapsible_row_maYdzg","collapsible_row_p6Yy6P","collapsible_row_GxmLXr"],"disabled":true,"settings":{"caption":"","heading":"FREQUENTLY ASKED QUESTIONS","heading_size":"h2","heading_alignment":"center","layout":"section","color_scheme":"","container_color_scheme":"background-2","open_first_collapsible_row":true,"image_ratio":"adapt","desktop_layout":"image_second","padding_top":36,"padding_bottom":36}}},"order":["image_banner","image_banner_6rebGA","16cab87e-af05-4535-82b9-0ca53934d3f4","featured_collection","ee23e8c8-c670-4cf8-8bf4-950cb5a42cb3","video_BgExQ6","collapsible_content_q8GRxe"]}