{"sections":{"bab7afa2-cfe1-4607-bf37-61ba9dfdbffa":{"type":"image-banner","blocks":{"template--21584405430561__bab7afa2-cfe1-4607-bf37-61ba9dfdbffa-heading-1":{"type":"heading","disabled":true,"settings":{"heading":"Image banner","heading_size":"h1"}},"template--21584405430561__bab7afa2-cfe1-4607-bf37-61ba9dfdbffa-text-1":{"type":"text","disabled":true,"settings":{"text":"Give customers details about the banner image(s) or content on the template.","text_style":"body"}},"template--21584405430561__bab7afa2-cfe1-4607-bf37-61ba9dfdbffa-buttons-1":{"type":"buttons","disabled":true,"settings":{"button_label_1":"Button label","button_link_1":"","button_style_secondary_1":false,"button_label_2":"Button label","button_link_2":"","button_style_secondary_2":false}}},"block_order":["template--21584405430561__bab7afa2-cfe1-4607-bf37-61ba9dfdbffa-heading-1","template--21584405430561__bab7afa2-cfe1-4607-bf37-61ba9dfdbffa-text-1","template--21584405430561__bab7afa2-cfe1-4607-bf37-61ba9dfdbffa-buttons-1"],"settings":{"image":"shopify:\/\/shop_images\/Banner_women-HR.jpg","image_overlay_opacity":0,"image_height":"medium","desktop_content_position":"middle-center","show_text_box":true,"desktop_content_alignment":"center","color_scheme":"","image_behavior":"none","mobile_content_alignment":"center","stack_images_on_mobile":true,"show_text_below":true}},"main":{"type":"main-page","disabled":true,"settings":{"padding_top":28,"padding_bottom":28}},"multicolumn_npXMRL":{"type":"multicolumn","blocks":{"column_qbYULG":{"type":"column","settings":{"image":"shopify:\/\/shop_images\/11.30.2023-Michelle5827.jpg","title":"","text":"","link_label":"Jackets","link":"shopify:\/\/collections\/jackets"}},"column_htdqkp":{"type":"column","settings":{"image":"shopify:\/\/shop_images\/11.30.2023-Michelle5837.jpg","title":"","text":"","link_label":"Shorts","link":"shopify:\/\/collections\/shorts"}},"column_m4HAkz":{"type":"column","settings":{"image":"shopify:\/\/shop_images\/12.8.2023-Marina6446.jpg","title":"","text":"","link_label":"Jeans","link":"shopify:\/\/collections\/trousers"}}},"block_order":["column_qbYULG","column_htdqkp","column_m4HAkz"],"settings":{"title":"Women Collections","heading_size":"h1","image_width":"full","image_ratio":"portrait","columns_desktop":3,"column_alignment":"left","background_style":"primary","button_label":"","button_link":"","color_scheme":"","columns_mobile":"1","swipe_on_mobile":false,"padding_top":36,"padding_bottom":36}},"4d67116a-2be5-4222-a5a5-6e95337691a3":{"type":"collection-list","blocks":{"template--21584405430561__4d67116a-2be5-4222-a5a5-6e95337691a3-featured_collection-1":{"type":"featured_collection","settings":{"collection":"jackets"}},"template--21584405430561__4d67116a-2be5-4222-a5a5-6e95337691a3-featured_collection-2":{"type":"featured_collection","settings":{"collection":"shorts"}},"template--21584405430561__4d67116a-2be5-4222-a5a5-6e95337691a3-featured_collection-3":{"type":"featured_collection","settings":{"collection":"trousers"}}},"block_order":["template--21584405430561__4d67116a-2be5-4222-a5a5-6e95337691a3-featured_collection-1","template--21584405430561__4d67116a-2be5-4222-a5a5-6e95337691a3-featured_collection-2","template--21584405430561__4d67116a-2be5-4222-a5a5-6e95337691a3-featured_collection-3"],"disabled":true,"settings":{"title":"Collections","heading_size":"h1","image_ratio":"square","columns_desktop":3,"color_scheme":"","show_view_all":false,"columns_mobile":"1","swipe_on_mobile":false,"padding_top":36,"padding_bottom":36}},"60bc80ed-366f-4f08-9b00-d14f51a77966":{"type":"slideshow","blocks":{"template--21584405430561__60bc80ed-366f-4f08-9b00-d14f51a77966-slide-1":{"type":"slide","settings":{"image":"shopify:\/\/shop_images\/12.8.2023-Marina6476.jpg","heading":"","heading_size":"h1","subheading":"","button_label":"","link":"","button_style_secondary":false,"box_align":"middle-center","show_text_box":false,"text_alignment":"center","image_overlay_opacity":0,"color_scheme":"","text_alignment_mobile":"center"}},"template--21584405430561__60bc80ed-366f-4f08-9b00-d14f51a77966-slide-2":{"type":"slide","disabled":true,"settings":{"heading":"Image slide","heading_size":"h1","subheading":"Tell your brand's story through images","button_label":"Button label","link":"","button_style_secondary":false,"box_align":"middle-center","show_text_box":true,"text_alignment":"center","image_overlay_opacity":0,"color_scheme":"","text_alignment_mobile":"center"}}},"block_order":["template--21584405430561__60bc80ed-366f-4f08-9b00-d14f51a77966-slide-1","template--21584405430561__60bc80ed-366f-4f08-9b00-d14f51a77966-slide-2"],"settings":{"layout":"full_bleed","slide_height":"medium","slider_visual":"counter","auto_rotate":false,"change_slides_speed":5,"image_behavior":"none","show_text_below":true,"accessibility_info":"Slideshow about our brand"}}},"order":["bab7afa2-cfe1-4607-bf37-61ba9dfdbffa","main","multicolumn_npXMRL","4d67116a-2be5-4222-a5a5-6e95337691a3","60bc80ed-366f-4f08-9b00-d14f51a77966"]}