{"sections":{"main":{"type":"main-page","disabled":true,"settings":{"padding_top":28,"padding_bottom":28}},"bc8e980c-ebfc-43ad-9a0b-4bade5769711":{"type":"image-banner","settings":{"image":"shopify:\/\/shop_images\/Banner_Men-HR.jpg","image_overlay_opacity":0,"image_height":"medium","desktop_content_position":"middle-center","show_text_box":true,"desktop_content_alignment":"center","color_scheme":"","image_behavior":"none","mobile_content_alignment":"center","stack_images_on_mobile":true,"show_text_below":true}},"multicolumn_dMAVfU":{"type":"multicolumn","blocks":{"column_ah7XQF":{"type":"column","settings":{"image":"shopify:\/\/shop_images\/1.15.2024-Denim2883.jpg","title":"","text":"","link_label":"Jeans","link":"shopify:\/\/collections\/trousers-1"}},"column_yTWxpr":{"type":"column","settings":{"image":"shopify:\/\/shop_images\/1.15.2024-Denim2950.jpg","title":"","text":"","link_label":"Shorts","link":"shopify:\/\/collections\/shorts-1"}},"column_T86hhq":{"type":"column","disabled":true,"settings":{"image":"shopify:\/\/shop_images\/mens-fashion-man-in-shirt-and-jeans-leaning-on-bicycle.jpg","title":"","text":"","link_label":"Jeans","link":"shopify:\/\/collections\/trousers-1"}}},"block_order":["column_ah7XQF","column_yTWxpr","column_T86hhq"],"settings":{"title":"Men Collections","heading_size":"h1","image_width":"full","image_ratio":"portrait","columns_desktop":2,"column_alignment":"left","background_style":"primary","button_label":"","button_link":"","color_scheme":"","columns_mobile":"1","swipe_on_mobile":false,"padding_top":36,"padding_bottom":36}},"67b077d3-d70a-44ca-afbe-bfad5b44f0ba":{"type":"collection-list","blocks":{"template--21525983756577__67b077d3-d70a-44ca-afbe-bfad5b44f0ba-featured_collection-1":{"type":"featured_collection","settings":{"collection":"jackets-1"}},"template--21525983756577__67b077d3-d70a-44ca-afbe-bfad5b44f0ba-featured_collection-2":{"type":"featured_collection","settings":{"collection":"coats"}},"template--21525983756577__67b077d3-d70a-44ca-afbe-bfad5b44f0ba-featured_collection-3":{"type":"featured_collection","settings":{"collection":"trousers-1"}}},"block_order":["template--21525983756577__67b077d3-d70a-44ca-afbe-bfad5b44f0ba-featured_collection-1","template--21525983756577__67b077d3-d70a-44ca-afbe-bfad5b44f0ba-featured_collection-2","template--21525983756577__67b077d3-d70a-44ca-afbe-bfad5b44f0ba-featured_collection-3"],"disabled":true,"settings":{"title":"Collections","heading_size":"h1","image_ratio":"square","columns_desktop":3,"color_scheme":"","show_view_all":false,"columns_mobile":"1","swipe_on_mobile":false,"padding_top":36,"padding_bottom":36}},"02c239de-9d32-4211-8c70-717891de41b2":{"type":"slideshow","blocks":{"template--21525983756577__02c239de-9d32-4211-8c70-717891de41b2-slide-1":{"type":"slide","disabled":true,"settings":{"image":"shopify:\/\/shop_images\/man-poses-in-light-colored-overcoat.jpg","heading":"Men's Collection","heading_size":"h1","subheading":"Tell your brand's story through images","button_label":"Button label","link":"","button_style_secondary":false,"box_align":"middle-center","show_text_box":true,"text_alignment":"center","image_overlay_opacity":0,"color_scheme":"","text_alignment_mobile":"center"}}},"block_order":["template--21525983756577__02c239de-9d32-4211-8c70-717891de41b2-slide-1"],"settings":{"layout":"full_bleed","slide_height":"medium","slider_visual":"counter","auto_rotate":false,"change_slides_speed":5,"image_behavior":"none","show_text_below":true,"accessibility_info":"Slideshow about our brand"}}},"order":["main","bc8e980c-ebfc-43ad-9a0b-4bade5769711","multicolumn_dMAVfU","67b077d3-d70a-44ca-afbe-bfad5b44f0ba","02c239de-9d32-4211-8c70-717891de41b2"]}