{"name":"t:sections.footer.name","type":"footer","sections":{"footer":{"type":"footer","blocks":{"link_list_3Yfm9h":{"type":"link_list","settings":{"heading":"About The Brand","menu":"about-the-brand"}},"link_list_FWXAFf":{"type":"link_list","settings":{"heading":"Information","menu":"footer"}}},"block_order":["link_list_3Yfm9h","link_list_FWXAFf"],"settings":{"color_scheme":"background-1","newsletter_enable":false,"newsletter_heading":"Subscribe to our emails","enable_follow_on_shop":false,"show_social":true,"enable_country_selector":true,"enable_language_selector":true,"payment_enable":true,"show_policy":true,"margin_top":0,"padding_top":36,"padding_bottom":36}}},"order":["footer"]}