{"name":"t:sections.header.name","type":"header","sections":{"announcement-bar":{"type":"announcement-bar","settings":{"color_scheme":"inverse","show_line_separator":false,"show_social":true,"auto_rotate":true,"change_slides_speed":5,"enable_country_selector":false,"enable_language_selector":false}},"header":{"type":"header","settings":{"logo_position":"middle-center","menu":"main-menu","menu_type_desktop":"mega","sticky_header_type":"on-scroll-up","show_line_separator":true,"color_scheme":"background-2","menu_color_scheme":"background-1","enable_country_selector":false,"enable_language_selector":false,"mobile_logo_position":"left","margin_bottom":0,"padding_top":8,"padding_bottom":12}}},"order":["announcement-bar","header"]}